SET NAMES utf8mb4;

INSERT INTO users (id, name, email, password, role) VALUES
(1, 'Admin', 'admin@pos.com', '$2b$10$Vt7krIvjNgyN67LXqly0uOcTpN0LI55cYRbcKC71pUDAP0nJ7RPa.', 'admin'),
(2, 'Thu ngân', 'cashier@pos.com', '$2a$10$wtJie2Wc93SqCCri5u/f4uZX7ATSSyMxlrCTEkPmNHLl9Oa0QdLim', 'cashier');

INSERT INTO categories (id, name, description) VALUES
(1, 'Ốp lưng', 'Ốp lưng điện thoại nhiều mẫu mã'),
(2, 'Cáp & Sạc', 'Củ sạc, cáp sạc, pin dự phòng'),
(3, 'Tai nghe', 'Tai nghe Bluetooth, tai nghe dây và phụ kiện âm thanh'),
(4, 'Kính cường lực', 'Kính bảo vệ màn hình và camera'),
(5, 'Phụ kiện khác', 'Các phụ kiện tiện ích cho điện thoại');

INSERT INTO products
(id, category_id, name, description, price, cost_price, stock_quantity, min_stock, image_url) VALUES
(1, 1, 'Ốp lưng iPhone 15 silicone', 'Ốp mềm chống trầy, nhiều màu', 120000, 65000, 38, 8, 'https://placehold.co/160x160?text=Case'),
(2, 1, 'Ốp lưng iPhone 14 trong suốt', 'Ốp trong chống ố vàng', 90000, 45000, 44, 8, 'https://placehold.co/160x160?text=Case'),
(3, 1, 'Ốp lưng Samsung S24 Ultra chống sốc', 'Viền dày, bảo vệ camera', 150000, 80000, 20, 6, 'https://placehold.co/160x160?text=Case'),
(4, 1, 'Ốp lưng Xiaomi Redmi Note 13 dẻo', 'Ốp TPU mỏng nhẹ', 80000, 35000, 33, 8, 'https://placehold.co/160x160?text=Case'),
(5, 1, 'Ốp lưng Oppo Reno 11 vân da', 'Bề mặt vân da chống bám vân tay', 110000, 58000, 18, 5, 'https://placehold.co/160x160?text=Case'),
(6, 1, 'Ốp MagSafe iPhone 15 Pro', 'Tích hợp vòng nam châm MagSafe', 180000, 98000, 12, 5, 'https://placehold.co/160x160?text=MagSafe'),
(7, 1, 'Ốp lưng iPhone 13 chống sốc', 'Góc đệm khí bảo vệ máy', 130000, 72000, 9, 5, 'https://placehold.co/160x160?text=Case'),
(8, 1, 'Ốp lưng Vivo V29 carbon', 'Vân carbon nam tính', 100000, 52000, 24, 6, 'https://placehold.co/160x160?text=Case'),
(9, 1, 'Ốp lưng Samsung A55 trong suốt', 'Mỏng nhẹ, ôm máy', 95000, 47000, 40, 8, 'https://placehold.co/160x160?text=Case'),
(10, 1, 'Ốp lưng iPhone 12 nhám mịn', 'Bề mặt nhám chống trơn', 85000, 42000, 31, 8, 'https://placehold.co/160x160?text=Case'),
(11, 2, 'Củ sạc nhanh 20W Type-C', 'Sạc nhanh PD cho iPhone và Android', 180000, 105000, 35, 8, 'https://placehold.co/160x160?text=Charger'),
(12, 2, 'Củ sạc nhanh GaN 30W', 'Củ sạc nhỏ gọn công nghệ GaN', 320000, 190000, 16, 5, 'https://placehold.co/160x160?text=Charger'),
(13, 2, 'Cáp Type-C to Lightning 1m', 'Cáp bọc dù hỗ trợ sạc nhanh', 150000, 85000, 48, 10, 'https://placehold.co/160x160?text=Cable'),
(14, 2, 'Cáp Type-C to Type-C 60W', 'Cáp sạc nhanh cho Android và laptop', 170000, 90000, 27, 8, 'https://placehold.co/160x160?text=Cable'),
(15, 2, 'Cáp Micro USB 1m', 'Cáp sạc phổ thông', 70000, 30000, 50, 10, 'https://placehold.co/160x160?text=Cable'),
(16, 2, 'Bộ sạc iPhone 20W', 'Củ sạc và cáp Lightning', 250000, 150000, 21, 6, 'https://placehold.co/160x160?text=Charger'),
(17, 2, 'Đế sạc không dây MagSafe', 'Sạc không dây nam châm 15W', 450000, 280000, 7, 4, 'https://placehold.co/160x160?text=Wireless'),
(18, 2, 'Pin dự phòng 10000mAh', 'Pin dự phòng sạc nhanh 22.5W', 390000, 240000, 19, 5, 'https://placehold.co/160x160?text=Powerbank'),
(19, 2, 'Sạc ô tô 2 cổng USB-C', 'Sạc nhanh trong xe hơi', 220000, 125000, 14, 5, 'https://placehold.co/160x160?text=Car+Charger'),
(20, 2, 'Cáp sạc 3 đầu đa năng', 'Lightning, Type-C và Micro USB', 120000, 60000, 30, 8, 'https://placehold.co/160x160?text=Cable'),
(21, 3, 'Tai nghe Bluetooth TWS Z1', 'Tai nghe true wireless pin 24 giờ', 390000, 230000, 22, 6, 'https://placehold.co/160x160?text=Earbuds'),
(22, 3, 'Tai nghe Air Pro 2', 'Chống ồn nhẹ, cảm ứng chạm', 590000, 360000, 11, 4, 'https://placehold.co/160x160?text=Earbuds'),
(23, 3, 'Tai nghe dây Type-C', 'Micro rõ, âm thanh cân bằng', 180000, 90000, 32, 8, 'https://placehold.co/160x160?text=Headset'),
(24, 3, 'Tai nghe dây Lightning', 'Dành cho iPhone cổng Lightning', 220000, 120000, 26, 6, 'https://placehold.co/160x160?text=Headset'),
(25, 3, 'Loa Bluetooth mini S5', 'Loa nhỏ gọn âm lượng lớn', 350000, 210000, 15, 5, 'https://placehold.co/160x160?text=Speaker'),
(26, 3, 'Tai nghe gaming có mic', 'Độ trễ thấp, micro tháo rời', 420000, 250000, 10, 4, 'https://placehold.co/160x160?text=Gaming'),
(27, 3, 'Tai nghe thể thao chống nước', 'Chuẩn IPX5, bám tai chắc', 490000, 300000, 8, 4, 'https://placehold.co/160x160?text=Sport'),
(28, 3, 'Hộp sạc tai nghe TWS', 'Hộp sạc thay thế cho tai nghe phổ thông', 90000, 42000, 25, 5, 'https://placehold.co/160x160?text=Case'),
(29, 3, 'Đệm tai nghe silicone', 'Bộ 3 size S M L', 30000, 10000, 80, 15, 'https://placehold.co/160x160?text=Tips'),
(30, 3, 'Tai nghe Bluetooth vòng cổ', 'Pin lâu, phù hợp chạy bộ', 260000, 145000, 17, 5, 'https://placehold.co/160x160?text=Neckband'),
(31, 4, 'Kính cường lực iPhone 15', 'Full màn hình, chống bám vân tay', 70000, 25000, 60, 12, 'https://placehold.co/160x160?text=Glass'),
(32, 4, 'Kính cường lực iPhone 14', 'Kính 9H trong suốt', 65000, 23000, 62, 12, 'https://placehold.co/160x160?text=Glass'),
(33, 4, 'Kính cường lực Samsung S24 Ultra', 'Cong nhẹ, keo full màn', 95000, 40000, 18, 6, 'https://placehold.co/160x160?text=Glass'),
(34, 4, 'Kính cường lực Samsung A55', 'Dễ dán, cảm ứng mượt', 75000, 28000, 42, 10, 'https://placehold.co/160x160?text=Glass'),
(35, 4, 'Kính cường lực Xiaomi Note 13', 'Kính 9H chống xước', 60000, 22000, 45, 10, 'https://placehold.co/160x160?text=Glass'),
(36, 4, 'Kính cường lực Oppo Reno 11', 'Kính trong, viền mỏng', 65000, 24000, 39, 10, 'https://placehold.co/160x160?text=Glass'),
(37, 4, 'Kính camera iPhone 15 Pro', 'Bộ bảo vệ cụm camera', 85000, 35000, 21, 6, 'https://placehold.co/160x160?text=Lens'),
(38, 4, 'Kính camera Samsung S23', 'Bảo vệ từng mắt camera', 80000, 32000, 23, 6, 'https://placehold.co/160x160?text=Lens'),
(39, 4, 'Combo dán màn hình iPad mini', 'Gồm khăn lau và miếng dán', 120000, 60000, 13, 4, 'https://placehold.co/160x160?text=Glass'),
(40, 4, 'Kính cường lực chống nhìn trộm', 'Bảo vệ riêng tư hai chiều', 110000, 52000, 16, 5, 'https://placehold.co/160x160?text=Privacy'),
(41, 5, 'Giá đỡ điện thoại để bàn', 'Gập gọn, chỉnh góc linh hoạt', 90000, 42000, 28, 6, 'https://placehold.co/160x160?text=Stand'),
(42, 5, 'Gậy selfie Bluetooth', 'Có remote chụp ảnh từ xa', 160000, 85000, 18, 5, 'https://placehold.co/160x160?text=Selfie'),
(43, 5, 'Vòng đỡ điện thoại', 'Dán mặt lưng, xoay 360 độ', 45000, 15000, 55, 10, 'https://placehold.co/160x160?text=Ring'),
(44, 5, 'Bút cảm ứng stylus', 'Đầu mịn cho điện thoại và tablet', 230000, 130000, 9, 4, 'https://placehold.co/160x160?text=Stylus'),
(45, 5, 'Khay sim dự phòng', 'Khay sim thay thế nhiều dòng máy', 25000, 8000, 90, 20, 'https://placehold.co/160x160?text=SIM'),
(46, 5, 'Miếng dán lưng carbon', 'Chống trầy mặt lưng', 70000, 28000, 35, 8, 'https://placehold.co/160x160?text=Skin'),
(47, 5, 'Túi chống nước điện thoại', 'Dùng khi đi biển, chống nước tốt', 120000, 60000, 24, 6, 'https://placehold.co/160x160?text=Waterproof'),
(48, 5, 'Bộ vệ sinh điện thoại', 'Chổi, khăn, dung dịch vệ sinh', 55000, 20000, 50, 10, 'https://placehold.co/160x160?text=Clean'),
(49, 5, 'Đèn livestream mini', 'Kẹp điện thoại, 3 mức sáng', 180000, 95000, 12, 5, 'https://placehold.co/160x160?text=Light'),
(50, 5, 'Quạt tản nhiệt điện thoại', 'Làm mát khi chơi game', 220000, 130000, 6, 4, 'https://placehold.co/160x160?text=Cooler');

INSERT INTO customers (id, name, phone, email, address) VALUES
(1, 'Nguyễn Văn An', '0901000001', 'an.nguyen@example.com', 'Quận 1, TP.HCM'),
(2, 'Trần Thị Bích', '0901000002', 'bich.tran@example.com', 'Quận 3, TP.HCM'),
(3, 'Lê Hoàng Nam', '0901000003', 'nam.le@example.com', 'Quận Bình Thạnh, TP.HCM'),
(4, 'Phạm Minh Châu', '0901000004', 'chau.pham@example.com', 'Quận 7, TP.HCM'),
(5, 'Hoàng Gia Bảo', '0901000005', 'bao.hoang@example.com', 'TP. Thủ Đức, TP.HCM'),
(6, 'Vũ Thanh Thảo', '0901000006', 'thao.vu@example.com', 'Quận Gò Vấp, TP.HCM'),
(7, 'Đặng Quốc Huy', '0901000007', 'huy.dang@example.com', 'Quận Tân Bình, TP.HCM'),
(8, 'Bùi Kim Ngân', '0901000008', 'ngan.bui@example.com', 'Quận 10, TP.HCM'),
(9, 'Đỗ Anh Tuấn', '0901000009', 'tuan.do@example.com', 'Quận Phú Nhuận, TP.HCM'),
(10, 'Nguyễn Ngọc Linh', '0901000010', 'linh.nguyen@example.com', 'Quận 5, TP.HCM'),
(11, 'Trương Minh Khang', '0901000011', 'khang.truong@example.com', 'Quận 11, TP.HCM'),
(12, 'Phan Thị Mai', '0901000012', 'mai.phan@example.com', 'Quận 8, TP.HCM'),
(13, 'Võ Đức Phát', '0901000013', 'phat.vo@example.com', 'Quận 4, TP.HCM'),
(14, 'Huỳnh Thanh Tâm', '0901000014', 'tam.huynh@example.com', 'Quận 6, TP.HCM'),
(15, 'Đinh Bảo Ngọc', '0901000015', 'ngoc.dinh@example.com', 'Quận 12, TP.HCM'),
(16, 'Lý Hoài Phương', '0901000016', 'phuong.ly@example.com', 'Hóc Môn, TP.HCM'),
(17, 'Cao Minh Quân', '0901000017', 'quan.cao@example.com', 'Bình Chánh, TP.HCM'),
(18, 'Mai Thu Hà', '0901000018', 'ha.mai@example.com', 'Nhà Bè, TP.HCM'),
(19, 'Lâm Gia Hân', '0901000019', 'han.lam@example.com', 'Củ Chi, TP.HCM'),
(20, 'Nguyễn Tiến Đạt', '0901000020', 'dat.nguyen@example.com', 'Quận Tân Phú, TP.HCM');

INSERT INTO orders
(id, customer_id, user_id, order_number, subtotal, discount, total, payment_method, status, note, created_at) VALUES
(1, 1, 2, 'ORD-20260312-0001', 410000, 10000, 400000, 'cash', 'completed', 'Khách mua combo bảo vệ máy', '2026-03-12 09:25:00'),
(2, 2, 2, 'ORD-20260315-0001', 480000, 0, 480000, 'transfer', 'completed', '', '2026-03-15 15:10:00'),
(3, 3, 1, 'ORD-20260318-0001', 245000, 0, 245000, 'card', 'completed', '', '2026-03-18 10:40:00'),
(4, 4, 2, 'ORD-20260320-0001', 630000, 30000, 600000, 'cash', 'completed', 'Giảm giá khách quen', '2026-03-20 18:05:00'),
(5, 5, 2, 'ORD-20260324-0001', 480000, 0, 480000, 'transfer', 'completed', '', '2026-03-24 11:15:00'),
(6, 6, 1, 'ORD-20260328-0001', 535000, 35000, 500000, 'cash', 'completed', '', '2026-03-28 16:20:00'),
(7, 7, 2, 'ORD-20260331-0001', 715000, 0, 715000, 'card', 'completed', '', '2026-03-31 14:30:00'),
(8, 8, 2, 'ORD-20260403-0001', 540000, 0, 540000, 'transfer', 'completed', '', '2026-04-03 09:50:00'),
(9, 9, 2, 'ORD-20260406-0001', 365000, 15000, 350000, 'cash', 'completed', '', '2026-04-06 19:10:00'),
(10, 10, 1, 'ORD-20260408-0001', 420000, 0, 420000, 'cash', 'completed', '', '2026-04-08 13:05:00'),
(11, 11, 2, 'ORD-20260411-0001', 210000, 0, 210000, 'cash', 'completed', '', '2026-04-11 10:10:00'),
(12, 12, 2, 'ORD-20260414-0001', 590000, 40000, 550000, 'transfer', 'completed', 'Khuyến mãi tai nghe', '2026-04-14 17:45:00'),
(13, 13, 1, 'ORD-20260417-0001', 400000, 0, 400000, 'card', 'completed', '', '2026-04-17 12:30:00'),
(14, 14, 2, 'ORD-20260420-0001', 240000, 0, 240000, 'cash', 'completed', '', '2026-04-20 08:35:00'),
(15, 15, 2, 'ORD-20260423-0001', 500000, 0, 500000, 'transfer', 'completed', '', '2026-04-23 16:55:00'),
(16, 16, 1, 'ORD-20260426-0001', 320000, 20000, 300000, 'cash', 'completed', '', '2026-04-26 11:00:00'),
(17, 17, 2, 'ORD-20260429-0001', 340000, 0, 340000, 'card', 'completed', '', '2026-04-29 20:15:00'),
(18, 18, 2, 'ORD-20260502-0001', 640000, 40000, 600000, 'cash', 'completed', '', '2026-05-02 14:25:00'),
(19, 19, 1, 'ORD-20260505-0001', 240000, 0, 240000, 'cash', 'completed', '', '2026-05-05 10:05:00'),
(20, 20, 2, 'ORD-20260508-0001', 385000, 0, 385000, 'transfer', 'completed', '', '2026-05-08 18:45:00'),
(21, 1, 2, 'ORD-20260512-0001', 860000, 60000, 800000, 'card', 'completed', 'Đơn giá trị cao', '2026-05-12 09:30:00'),
(22, 2, 1, 'ORD-20260515-0001', 290000, 0, 290000, 'cash', 'completed', '', '2026-05-15 13:20:00'),
(23, 3, 2, 'ORD-20260518-0001', 600000, 0, 600000, 'transfer', 'completed', '', '2026-05-18 17:05:00'),
(24, 4, 2, 'ORD-20260521-0001', 630000, 30000, 600000, 'cash', 'completed', '', '2026-05-21 15:40:00'),
(25, 5, 1, 'ORD-20260524-0001', 555000, 0, 555000, 'card', 'completed', '', '2026-05-24 11:35:00'),
(26, 6, 2, 'ORD-20260527-0001', 480000, 0, 480000, 'cash', 'completed', '', '2026-05-27 19:25:00'),
(27, 7, 2, 'ORD-20260530-0001', 760000, 60000, 700000, 'transfer', 'completed', '', '2026-05-30 16:00:00'),
(28, 8, 1, 'ORD-20260602-0001', 235000, 0, 235000, 'cash', 'completed', '', '2026-06-02 09:15:00'),
(29, 9, 2, 'ORD-20260605-0001', 710000, 10000, 700000, 'card', 'completed', '', '2026-06-05 12:45:00'),
(30, 10, 2, 'ORD-20260608-0001', 750000, 0, 750000, 'transfer', 'completed', 'Đơn gần nhất', '2026-06-08 18:20:00');

INSERT INTO order_items (order_id, product_id, quantity, unit_price, subtotal) VALUES
(1, 1, 1, 120000, 120000), (1, 13, 1, 150000, 150000), (1, 31, 2, 70000, 140000),
(2, 21, 1, 390000, 390000), (2, 41, 1, 90000, 90000),
(3, 3, 1, 150000, 150000), (3, 33, 1, 95000, 95000),
(4, 18, 1, 390000, 390000), (4, 20, 2, 120000, 240000),
(5, 11, 1, 180000, 180000), (5, 14, 1, 170000, 170000), (5, 36, 2, 65000, 130000),
(6, 27, 1, 490000, 490000), (6, 43, 1, 45000, 45000),
(7, 6, 1, 180000, 180000), (7, 37, 1, 85000, 85000), (7, 17, 1, 450000, 450000),
(8, 12, 1, 320000, 320000), (8, 24, 1, 220000, 220000),
(9, 2, 2, 90000, 180000), (9, 32, 2, 65000, 130000), (9, 48, 1, 55000, 55000),
(10, 30, 1, 260000, 260000), (10, 42, 1, 160000, 160000),
(11, 4, 1, 80000, 80000), (11, 15, 1, 70000, 70000), (11, 35, 1, 60000, 60000),
(12, 22, 1, 590000, 590000),
(13, 19, 1, 220000, 220000), (13, 49, 1, 180000, 180000),
(14, 9, 1, 95000, 95000), (14, 34, 1, 75000, 75000), (14, 46, 1, 70000, 70000),
(15, 25, 1, 350000, 350000), (15, 28, 1, 90000, 90000), (15, 29, 2, 30000, 60000),
(16, 16, 1, 250000, 250000), (16, 31, 1, 70000, 70000),
(17, 5, 1, 110000, 110000), (17, 23, 1, 180000, 180000), (17, 45, 2, 25000, 50000),
(18, 26, 1, 420000, 420000), (18, 50, 1, 220000, 220000),
(19, 7, 1, 130000, 130000), (19, 40, 1, 110000, 110000),
(20, 8, 1, 100000, 100000), (20, 44, 1, 230000, 230000), (20, 48, 1, 55000, 55000),
(21, 21, 1, 390000, 390000), (21, 12, 1, 320000, 320000), (21, 13, 1, 150000, 150000),
(22, 10, 2, 85000, 170000), (22, 39, 1, 120000, 120000),
(23, 18, 1, 390000, 390000), (23, 41, 1, 90000, 90000), (23, 47, 1, 120000, 120000),
(24, 6, 1, 180000, 180000), (24, 17, 1, 450000, 450000),
(25, 27, 1, 490000, 490000), (25, 36, 1, 65000, 65000),
(26, 11, 2, 180000, 360000), (26, 20, 1, 120000, 120000),
(27, 22, 1, 590000, 590000), (27, 37, 2, 85000, 170000),
(28, 1, 1, 120000, 120000), (28, 31, 1, 70000, 70000), (28, 43, 1, 45000, 45000),
(29, 12, 1, 320000, 320000), (29, 14, 1, 170000, 170000), (29, 19, 1, 220000, 220000),
(30, 25, 1, 350000, 350000), (30, 49, 1, 180000, 180000), (30, 50, 1, 220000, 220000);

INSERT INTO inventory_logs (product_id, user_id, type, quantity, note, created_at) VALUES
(13, 1, 'in', 30, 'Nhập thêm cáp Lightning', '2026-05-01 08:30:00'),
(21, 1, 'in', 15, 'Nhập tai nghe TWS', '2026-05-03 09:00:00'),
(17, 1, 'adjust', 7, 'Kiểm kho cuối tháng', '2026-05-31 20:00:00'),
(50, 1, 'in', 10, 'Bổ sung hàng gaming', '2026-06-01 10:00:00'),
(44, 2, 'adjust', 9, 'Điều chỉnh sau kiểm kê', '2026-06-04 19:30:00'),
(12, 1, 'in', 8, 'Nhập củ sạc GaN', '2026-06-05 08:45:00'),
(6, 2, 'adjust', 12, 'Cập nhật tồn kho thực tế', '2026-06-06 18:15:00'),
(49, 1, 'in', 12, 'Nhập đèn livestream', '2026-06-07 09:20:00');
